-170 , -30.67 , 3
-170 , -9.33 , 8
-170 , -29.33 , 3
-170 , -8.0 , 8
-170 , -28.0 , 3
-170 , -6.66 , 8
-170 , -26.66 , 3
-170 , -5.33 , 8
-170 , -25.33 , 3
-170 , -4.0 , 8
-170 , -24.0 , 3
-170 , -2.67 , 8
-170 , -22.67 ,0
-170 , -1.33 , 8
-170 , -21.33 ,0
-170 , 0.0 , 8
-170 , -20.0 , 4
-170 , 1.33 , 8
-170 , -18.67 ,0
-170 , 2.67 , 8
-170 , -17.33 , 5
-170 , 4.0 , 8
-170 , -16.0 , 8
-170 , 5.33 , 8
-170 , -14.67 , 8
-170 , 6.67 , 8
-170 , -13.33 , 6
-170 , 8.0 , 8
-170 , -12.0 , 7
-170 , 9.33 , 8
-170 , -10.67 , 8
-170 , 10.67 , 8
-169 , -30.67 , 3
-169 , -9.33 , 8
-169 , -29.33 , 3
-169 , -8.0 , 8
-169 , -28.0 , 3
-169 , -6.66 , 8
-169 , -26.66 , 3
-169 , -5.33 , 8
-169 , -25.33 , 3
-169 , -4.0 , 8
-169 , -24.0 , 3
-169 , -2.67 , 8
-169 , -22.67 ,0
-169 , -1.33 , 8
-169 , -21.33 , 4
-169 , 0.0 , 8
-169 , -20.0 , 4
-169 , 1.33 , 8
-169 , -18.67 , 4
-169 , 2.67 , 8
-169 , -17.33 ,0
-169 , 4.0 , 8
-169 , -16.0 , 5
-169 , 5.33 , 8
-169 , -14.67 , 8
-169 , 6.67 , 8
-169 , -13.33 , 8
-169 , 8.0 , 8
-169 , -12.0 , 7
-169 , 9.33 , 8
-169 , -10.67 , 8
-169 , 10.67 , 8
-168 , -30.67 , 3
-168 , -9.33 , 8
-168 , -29.33 , 3
-168 , -8.0 , 8
-168 , -28.0 , 3
-168 , -6.66 , 8
-168 , -26.66 , 3
-168 , -5.33 , 8
-168 , -25.33 , 3
-168 , -4.0 , 8
-168 , -24.0 , 3
-168 , -2.67 , 8
-168 , -22.67 ,0
-168 , -1.33 , 8
-168 , -21.33 ,0
-168 , 0.0 , 8
-168 , -20.0 , 4
-168 , 1.33 , 8
-168 , -18.67 , 4
-168 , 2.67 , 8
-168 , -17.33 , 5
-168 , 4.0 , 8
-168 , -16.0 , 5
-168 , 5.33 , 8
-168 , -14.67 , 8
-168 , 6.67 , 8
-168 , -13.33 , 8
-168 , 8.0 , 8
-168 , -12.0 , 7
-168 , 9.33 , 8
-168 , -10.67 , 8
-168 , 10.67 , 8
-167 , -30.67 , 3
-167 , -9.33 , 8
-167 , -29.33 , 3
-167 , -8.0 , 8
-167 , -28.0 , 3
-167 , -6.66 , 8
-167 , -26.66 , 3
-167 , -5.33 , 8
-167 , -25.33 , 3
-167 , -4.0 , 8
-167 , -24.0 , 3
-167 , -2.67 , 8
-167 , -22.67 , 4
-167 , -1.33 , 8
-167 , -21.33 , 4
-167 , 0.0 , 8
-167 , -20.0 , 4
-167 , 1.33 , 8
-167 , -18.67 , 4
-167 , 2.67 , 8
-167 , -17.33 , 5
-167 , 4.0 , 8
-167 , -16.0 , 9
-167 , 5.33 , 8
-167 , -14.67 , 6
-167 , 6.67 , 8
-167 , -13.33 , 6
-167 , 8.0 , 8
-167 , -12.0 , 7
-167 , 9.33 , 8
-167 , -10.67 , 8
-167 , 10.67 , 8
-166 , -30.67 ,0
-166 , -9.33 , 8
-166 , -29.33 , 3
-166 , -8.0 , 8
-166 , -28.0 , 3
-166 , -6.66 , 8
-166 , -26.66 , 3
-166 , -5.33 , 8
-166 , -25.33 , 3
-166 , -4.0 , 8
-166 , -24.0 , 3
-166 , -2.67 , 8
-166 , -22.67 , 4
-166 , -1.33 , 8
-166 , -21.33 , 4
-166 , 0.0 , 8
-166 , -20.0 , 4
-166 , 1.33 , 8
-166 , -18.67 , 4
-166 , 2.67 , 8
-166 , -17.33 ,0
-166 , 4.0 , 8
-166 , -16.0 , 5
-166 , 5.33 , 8
-166 , -14.67 , 6
-166 , 6.67 , 8
-166 , -13.33 , 8
-166 , 8.0 , 8
-166 , -12.0 , 7
-166 , 9.33 , 8
-166 , -10.67 , 8
-166 , 10.67 , 8
-165 , -30.67 , 3
-165 , -9.33 , 8
-165 , -29.33 , 3
-165 , -8.0 , 8
-165 , -28.0 , 3
-165 , -6.66 , 8
-165 , -26.66 , 3
-165 , -5.33 , 8
-165 , -25.33 , 3
-165 , -4.0 , 8
-165 , -24.0 , 3
-165 , -2.67 , 8
-165 , -22.67 , 3
-165 , -1.33 , 8
-165 , -21.33 , 3
-165 , 0.0 , 8
-165 , -20.0 , 4
-165 , 1.33 , 8
-165 , -18.67 , 4
-165 , 2.67 , 8
-165 , -17.33 , 5
-165 , 4.0 , 9
-165 , -16.0 , 5
-165 , 5.33 , 8
-165 , -14.67 , 9
-165 , 6.67 , 8
-165 , -13.33 , 6
-165 , 8.0 , 8
-165 , -12.0 , 7
-165 , 9.33 , 8
-165 , -10.67 , 8
-165 , 10.67 , 8
-164 , -30.67 ,0
-164 , -9.33 , 9
-164 , -29.33 , 3
-164 , -8.0 , 9
-164 , -28.0 , 3
-164 , -6.66 , 9
-164 , -26.66 , 3
-164 , -5.33 , 11
-164 , -25.33 , 3
-164 , -4.0 , 9
-164 , -24.0 , 3
-164 , -2.67 , 9
-164 , -22.67 , 3
-164 , -1.33 , 9
-164 , -21.33 , 3
-164 , 0.0 , 9
-164 , -20.0 , 3
-164 , 1.33 , 9
-164 , -18.67 , 4
-164 , 2.67 , 9
-164 , -17.33 ,0
-164 , 4.0 , 9
-164 , -16.0 , 5
-164 , 5.33 , 8
-164 , -14.67 ,0
-164 , 6.67 , 8
-164 , -13.33 , 6
-164 , 8.0 , 8
-164 , -12.0 , 7
-164 , 9.33 , 8
-164 , -10.67 , 8
-164 , 10.67 , 8
-163 , -30.67 ,0
-163 , -9.33 , 9
-163 , -29.33 , 3
-163 , -8.0 , 9
-163 , -28.0 , 3
-163 , -6.66 , 9
-163 , -26.66 , 3
-163 , -5.33 , 9
-163 , -25.33 , 3
-163 , -4.0 , 9
-163 , -24.0 , 3
-163 , -2.67 , 9
-163 , -22.67 , 3
-163 , -1.33 , 9
-163 , -21.33 , 3
-163 , 0.0 , 9
-163 , -20.0 , 4
-163 , 1.33 , 9
-163 , -18.67 , 4
-163 , 2.67 , 9
-163 , -17.33 , 5
-163 , 4.0 , 9
-163 , -16.0 , 5
-163 , 5.33 , 8
-163 , -14.67 ,0
-163 , 6.67 , 8
-163 , -13.33 , 6
-163 , 8.0 , 8
-163 , -12.0 , 7
-163 , 9.33 , 8
-163 , -10.67 , 8
-163 , 10.67 , 9
-162 , -30.67 ,0
-162 , -9.33 , 9
-162 , -29.33 , 3
-162 , -8.0 , 9
-162 , -28.0 , 3
-162 , -6.66 , 9
-162 , -26.66 , 3
-162 , -5.33 , 9
-162 , -25.33 , 3
-162 , -4.0 , 9
-162 , -24.0 , 3
-162 , -2.67 , 9
-162 , -22.67 , 3
-162 , -1.33 , 9
-162 , -21.33 , 4
-162 , 0.0 , 9
-162 , -20.0 , 4
-162 , 1.33 , 9
-162 , -18.67 , 4
-162 , 2.67 , 9
-162 , -17.33 , 5
-162 , 4.0 , 9
-162 , -16.0 , 5
-162 , 5.33 , 8
-162 , -14.67 , 6
-162 , 6.67 , 9
-162 , -13.33 , 6
-162 , 8.0 , 9
-162 , -12.0 , 7
-162 , 9.33 , 9
-162 , -10.67 , 8
-162 , 10.67 , 9
-161 , -30.67 ,0
-161 , -9.33 , 9
-161 , -29.33 , 3
-161 , -8.0 , 9
-161 , -28.0 , 2
-161 , -6.66 , 9
-161 , -26.66 , 3
-161 , -5.33 , 9
-161 , -25.33 , 3
-161 , -4.0 , 9
-161 , -24.0 , 3
-161 , -2.67 , 9
-161 , -22.67 , 3
-161 , -1.33 , 9
-161 , -21.33 , 4
-161 , 0.0 , 9
-161 , -20.0 , 4
-161 , 1.33 , 9
-161 , -18.67 , 4
-161 , 2.67 , 9
-161 , -17.33 , 5
-161 , 4.0 , 9
-161 , -16.0 , 5
-161 , 5.33 , 9
-161 , -14.67 , 6
-161 , 6.67 , 9
-161 , -13.33 , 6
-161 , 8.0 , 9
-161 , -12.0 , 7
-161 , 9.33 , 9
-161 , -10.67 , 8
-161 , 10.67 , 9
-160 , -30.67 , 3
-160 , -9.33 , 9
-160 , -29.33 , 3
-160 , -8.0 , 9
-160 , -28.0 , 3
-160 , -6.66 , 9
-160 , -26.66 , 3
-160 , -5.33 , 9
-160 , -25.33 , 3
-160 , -4.0 , 9
-160 , -24.0 , 3
-160 , -2.67 , 9
-160 , -22.67 , 3
-160 , -1.33 , 9
-160 , -21.33 , 4
-160 , 0.0 , 9
-160 , -20.0 , 4
-160 , 1.33 , 9
-160 , -18.67 , 4
-160 , 2.67 , 9
-160 , -17.33 , 5
-160 , 4.0 , 9
-160 , -16.0 , 5
-160 , 5.33 , 9
-160 , -14.67 , 6
-160 , 6.67 , 9
-160 , -13.33 , 6
-160 , 8.0 , 9
-160 , -12.0 , 7
-160 , 9.33 , 9
-160 , -10.67 , 8
-160 , 10.67 , 9
-159 , -30.67 , 3
-159 , -9.33 , 9
-159 , -29.33 , 3
-159 , -8.0 , 9
-159 , -28.0 , 3
-159 , -6.66 , 9
-159 , -26.66 , 3
-159 , -5.33 , 9
-159 , -25.33 , 3
-159 , -4.0 , 9
-159 , -24.0 , 3
-159 , -2.67 , 9
-159 , -22.67 , 3
-159 , -1.33 , 9
-159 , -21.33 , 4
-159 , 0.0 , 9
-159 , -20.0 , 4
-159 , 1.33 , 9
-159 , -18.67 , 4
-159 , 2.67 , 9
-159 , -17.33 , 5
-159 , 4.0 , 9
-159 , -16.0 , 5
-159 , 5.33 , 9
-159 , -14.67 , 5
-159 , 6.67 , 9
-159 , -13.33 , 6
-159 , 8.0 , 9
-159 , -12.0 , 7
-159 , 9.33 , 9
-159 , -10.67 , 8
-159 , 10.67 , 9
-158 , -30.67 , 3
-158 , -9.33 , 9
-158 , -29.33 , 2
-158 , -8.0 , 9
-158 , -28.0 , 3
-158 , -6.66 , 9
-158 , -26.66 , 3
-158 , -5.33 , 9
-158 , -25.33 , 3
-158 , -4.0 , 9
-158 , -24.0 , 3
-158 , -2.67 , 9
-158 , -22.67 , 3
-158 , -1.33 , 9
-158 , -21.33 , 4
-158 , 0.0 , 9
-158 , -20.0 , 4
-158 , 1.33 , 9
-158 , -18.67 , 4
-158 , 2.67 , 9
-158 , -17.33 , 5
-158 , 4.0 , 9
-158 , -16.0 , 5
-158 , 5.33 , 9
-158 , -14.67 , 9
-158 , 6.67 , 9
-158 , -13.33 , 6
-158 , 8.0 , 9
-158 , -12.0 , 7
-158 , 9.33 , 9
-158 , -10.67 , 8
-158 , 10.67 , 9
-157 , -30.67 , 3
-157 , -9.33 , 9
-157 , -29.33 , 2
-157 , -8.0 , 9
-157 , -28.0 , 3
-157 , -6.66 , 9
-157 , -26.66 , 3
-157 , -5.33 , 9
-157 , -25.33 , 3
-157 , -4.0 , 9
-157 , -24.0 , 3
-157 , -2.67 , 9
-157 , -22.67 , 3
-157 , -1.33 , 9
-157 , -21.33 , 3
-157 , 0.0 , 9
-157 , -20.0 , 4
-157 , 1.33 , 9
-157 , -18.67 , 4
-157 , 2.67 , 9
-157 , -17.33 , 5
-157 , 4.0 , 9
-157 , -16.0 , 5
-157 , 5.33 , 9
-157 , -14.67 , 5
-157 , 6.67 , 9
-157 , -13.33 , 6
-157 , 8.0 , 9
-157 , -12.0 , 9
-157 , 9.33 , 9
-157 , -10.67 , 7
-157 , 10.67 , 9
-156 , -30.67 , 3
-156 , -9.33 , 8
-156 , -29.33 , 2
-156 , -8.0 , 9
-156 , -28.0 , 3
-156 , -6.66 , 9
-156 , -26.66 , 3
-156 , -5.33 , 9
-156 , -25.33 , 3
-156 , -4.0 , 9
-156 , -24.0 , 3
-156 , -2.67 , 9
-156 , -22.67 , 3
-156 , -1.33 , 9
-156 , -21.33 , 3
-156 , 0.0 , 9
-156 , -20.0 , 4
-156 , 1.33 , 9
-156 , -18.67 , 4
-156 , 2.67 , 9
-156 , -17.33 , 5
-156 , 4.0 , 8
-156 , -16.0 , 5
-156 , 5.33 , 9
-156 , -14.67 , 5
-156 , 6.67 , 9
-156 , -13.33 , 6
-156 , 8.0 , 9
-156 , -12.0 , 7
-156 , 9.33 , 9
-156 , -10.67 , 7
-156 , 10.67 , 9
-155 , -30.67 , 2
-155 , -9.33 , 8
-155 , -29.33 , 3
-155 , -8.0 , 8
-155 , -28.0 , 3
-155 , -6.66 , 8
-155 , -26.66 , 3
-155 , -5.33 , 8
-155 , -25.33 , 3
-155 , -4.0 , 8
-155 , -24.0 , 3
-155 , -2.67 , 8
-155 , -22.67 , 3
-155 , -1.33 , 8
-155 , -21.33 , 3
-155 , 0.0 , 8
-155 , -20.0 , 4
-155 , 1.33 , 8
-155 , -18.67 ,0
-155 , 2.67 , 8
-155 , -17.33 , 5
-155 , 4.0 , 8
-155 , -16.0 , 5
-155 , 5.33 , 8
-155 , -14.67 ,0
-155 , 6.67 , 8
-155 , -13.33 , 6
-155 , 8.0 , 8
-155 , -12.0 , 7
-155 , 9.33 , 8
-155 , -10.67 , 7
-155 , 10.67 , 8
-154 , -30.67 , 2
-154 , -9.33 , 8
-154 , -29.33 , 3
-154 , -8.0 , 8
-154 , -28.0 , 3
-154 , -6.66 , 8
-154 , -26.66 , 3
-154 , -5.33 , 8
-154 , -25.33 , 3
-154 , -4.0 , 8
-154 , -24.0 , 3
-154 , -2.67 , 8
-154 , -22.67 , 3
-154 , -1.33 , 8
-154 , -21.33 , 3
-154 , 0.0 , 8
-154 , -20.0 , 3
-154 , 1.33 , 8
-154 , -18.67 , 4
-154 , 2.67 , 8
-154 , -17.33 , 5
-154 , 4.0 , 8
-154 , -16.0 , 5
-154 , 5.33 , 8
-154 , -14.67 ,0
-154 , 6.67 , 8
-154 , -13.33 , 6
-154 , 8.0 , 8
-154 , -12.0 , 7
-154 , 9.33 , 8
-154 , -10.67 , 7
-154 , 10.67 , 8
-153 , -30.67 , 2
-153 , -9.33 , 8
-153 , -29.33 ,0
-153 , -8.0 , 8
-153 , -28.0 , 3
-153 , -6.66 , 8
-153 , -26.66 , 3
-153 , -5.33 , 8
-153 , -25.33 , 3
-153 , -4.0 , 8
-153 , -24.0 , 3
-153 , -2.67 , 8
-153 , -22.67 , 3
-153 , -1.33 , 8
-153 , -21.33 , 3
-153 , 0.0 , 8
-153 , -20.0 , 3
-153 , 1.33 , 8
-153 , -18.67 , 3
-153 , 2.67 , 8
-153 , -17.33 , 5
-153 , 4.0 , 8
-153 , -16.0 , 5
-153 , 5.33 , 8
-153 , -14.67 , 5
-153 , 6.67 , 8
-153 , -13.33 , 6
-153 , 8.0 , 8
-153 , -12.0 , 7
-153 , 9.33 , 8
-153 , -10.67 , 8
-153 , 10.67 , 8
-152 , -30.67 , 2
-152 , -9.33 , 8
-152 , -29.33 , 3
-152 , -8.0 , 8
-152 , -28.0 , 3
-152 , -6.66 , 8
-152 , -26.66 , 3
-152 , -5.33 , 8
-152 , -25.33 , 3
-152 , -4.0 , 8
-152 , -24.0 , 3
-152 , -2.67 , 8
-152 , -22.67 , 3
-152 , -1.33 , 8
-152 , -21.33 , 3
-152 , 0.0 , 8
-152 , -20.0 , 3
-152 , 1.33 , 8
-152 , -18.67 , 3
-152 , 2.67 , 8
-152 , -17.33 , 3
-152 , 4.0 , 8
-152 , -16.0 , 3
-152 , 5.33 , 8
-152 , -14.67 , 5
-152 , 6.67 , 8
-152 , -13.33 , 6
-152 , 8.0 , 8
-152 , -12.0 , 7
-152 , 9.33 , 8
-152 , -10.67 , 8
-152 , 10.67 , 8
-151 , -30.67 , 2
-151 , -9.33 , 8
-151 , -29.33 , 2
-151 , -8.0 , 8
-151 , -28.0 , 3
-151 , -6.66 , 8
-151 , -26.66 , 3
-151 , -5.33 , 8
-151 , -25.33 , 3
-151 , -4.0 , 8
-151 , -24.0 , 3
-151 , -2.67 , 8
-151 , -22.67 , 3
-151 , -1.33 , 8
-151 , -21.33 , 3
-151 , 0.0 , 8
-151 , -20.0 , 3
-151 , 1.33 , 8
-151 , -18.67 , 3
-151 , 2.67 , 8
-151 , -17.33 , 3
-151 , 4.0 , 8
-151 , -16.0 , 3
-151 , 5.33 , 8
-151 , -14.67 , 3
-151 , 6.67 , 11
-151 , -13.33 , 6
-151 , 8.0 , 11
-151 , -12.0 , 7
-151 , 9.33 , 12
-151 , -10.67 , 7
-151 , 10.67 , 12
-150 , -30.67 , 2
-150 , -9.33 , 8
-150 , -29.33 , 2
-150 , -8.0 , 9
-150 , -28.0 , 2
-150 , -6.66 , 10
-150 , -26.66 , 3
-150 , -5.33 , 10
-150 , -25.33 , 3
-150 , -4.0 , 10
-150 , -24.0 , 3
-150 , -2.67 , 11
-150 , -22.67 , 3
-150 , -1.33 , 12
-150 , -21.33 , 3
-150 , 0.0 , 12
-150 , -20.0 , 3
-150 , 1.33 , 12
-150 , -18.67 , 3
-150 , 2.67 , 12
-150 , -17.33 , 3
-150 , 4.0 , 15
-150 , -16.0 , 3
-150 , 5.33 , 15
-150 , -14.67 , 3
-150 , 6.67 , 15
-150 , -13.33 , 3
-150 , 8.0 , 15
-150 , -12.0 , 3
-150 , 9.33 , 15
-150 , -10.67 , 7
-150 , 10.67 , 15
-149 , -30.67 , 2
-149 , -9.33 , 8
-149 , -29.33 , 2
-149 , -8.0 , 9
-149 , -28.0 , 2
-149 , -6.66 , 10
-149 , -26.66 , 3
-149 , -5.33 , 10
-149 , -25.33 , 3
-149 , -4.0 , 10
-149 , -24.0 , 3
-149 , -2.67 , 11
-149 , -22.67 , 3
-149 , -1.33 , 15
-149 , -21.33 , 3
-149 , 0.0 , 14
-149 , -20.0 , 3
-149 , 1.33 , 15
-149 , -18.67 , 3
-149 , 2.67 , 15
-149 , -17.33 , 3
-149 , 4.0 , 15
-149 , -16.0 , 3
-149 , 5.33 , 15
-149 , -14.67 , 3
-149 , 6.67 , 15
-149 , -13.33 , 3
-149 , 8.0 , 15
-149 , -12.0 , 3
-149 , 9.33 , 15
-149 , -10.67 , 3
-149 , 10.67 , 15
-148 , -30.67 , 2
-148 , -9.33 , 8
-148 , -29.33 , 2
-148 , -8.0 , 10
-148 , -28.0 , 2
-148 , -6.66 , 10
-148 , -26.66 , 3
-148 , -5.33 , 10
-148 , -25.33 , 3
-148 , -4.0 , 10
-148 , -24.0 , 3
-148 , -2.67 , 14
-148 , -22.67 , 3
-148 , -1.33 , 14
-148 , -21.33 , 3
-148 , 0.0 , 14
-148 , -20.0 , 3
-148 , 1.33 , 14
-148 , -18.67 , 3
-148 , 2.67 , 14
-148 , -17.33 , 3
-148 , 4.0 , 14
-148 , -16.0 , 3
-148 , 5.33 , 14
-148 , -14.67 , 3
-148 , 6.67 , 14
-148 , -13.33 , 3
-148 , 8.0 , 14
-148 , -12.0 , 3
-148 , 9.33 , 14
-148 , -10.67 , 3
-148 , 10.67 , 14
-147 , -30.67 , 3
-147 , -9.33 , 8
-147 , -29.33 , 3
-147 , -8.0 , 10
-147 , -28.0 , 3
-147 , -6.66 , 10
-147 , -26.66 , 3
-147 , -5.33 , 9
-147 , -25.33 , 3
-147 , -4.0 , 9
-147 , -24.0 , 3
-147 , -2.67 , 14
-147 , -22.67 , 3
-147 , -1.33 , 14
-147 , -21.33 , 3
-147 , 0.0 , 14
-147 , -20.0 , 3
-147 , 1.33 , 14
-147 , -18.67 , 3
-147 , 2.67 , 14
-147 , -17.33 , 3
-147 , 4.0 , 14
-147 , -16.0 , 3
-147 , 5.33 , 14
-147 , -14.67 , 3
-147 , 6.67 , 14
-147 , -13.33 , 3
-147 , 8.0 , 15
-147 , -12.0 , 3
-147 , 9.33 , 14
-147 , -10.67 , 3
-147 , 10.67 , 14
-146 , -30.67 , 3
-146 , -9.33 , 8
-146 , -29.33 , 3
-146 , -8.0 , 9
-146 , -28.0 , 3
-146 , -6.66 , 9
-146 , -26.66 , 3
-146 , -5.33 , 9
-146 , -25.33 , 3
-146 , -4.0 , 9
-146 , -24.0 , 3
-146 , -2.67 , 14
-146 , -22.67 , 3
-146 , -1.33 , 14
-146 , -21.33 , 3
-146 , 0.0 , 14
-146 , -20.0 , 3
-146 , 1.33 , 14
-146 , -18.67 , 3
-146 , 2.67 , 14
-146 , -17.33 , 3
-146 , 4.0 , 14
-146 , -16.0 , 3
-146 , 5.33 , 14
-146 , -14.67 , 3
-146 , 6.67 , 14
-146 , -13.33 , 3
-146 , 8.0 , 14
-146 , -12.0 , 3
-146 , 9.33 , 14
-146 , -10.67 , 9
-146 , 10.67 , 14
-145 , -30.67 , 3
-145 , -9.33 , 8
-145 , -29.33 , 3
-145 , -8.0 , 9
-145 , -28.0 , 3
-145 , -6.66 , 9
-145 , -26.66 , 3
-145 , -5.33 , 9
-145 , -25.33 , 3
-145 , -4.0 , 9
-145 , -24.0 , 3
-145 , -2.67 , 9
-145 , -22.67 , 3
-145 , -1.33 , 9
-145 , -21.33 , 3
-145 , 0.0 ,0
-145 , -20.0 , 3
-145 , 1.33 ,0
-145 , -18.67 , 3
-145 , 2.67 ,0
-145 , -17.33 , 3
-145 , 4.0 ,0
-145 , -16.0 , 3
-145 , 5.33 ,0
-145 , -14.67 , 5
-145 , 6.67 ,0
-145 , -13.33 , 6
-145 , 8.0 , 16
-145 , -12.0 , 3
-145 , 9.33 , 13
-145 , -10.67 , 7
-145 , 10.67 , 13
-144 , -30.67 , 3
-144 , -9.33 , 8
-144 , -29.33 , 3
-144 , -8.0 , 9
-144 , -28.0 , 3
-144 , -6.66 , 9
-144 , -26.66 , 3
-144 , -5.33 , 9
-144 , -25.33 , 3
-144 , -4.0 , 9
-144 , -24.0 , 3
-144 , -2.67 , 9
-144 , -22.67 , 3
-144 , -1.33 , 9
-144 , -21.33 , 3
-144 , 0.0 , 9
-144 , -20.0 , 3
-144 , 1.33 ,0
-144 , -18.67 , 3
-144 , 2.67 ,0
-144 , -17.33 , 5
-144 , 4.0 ,0
-144 , -16.0 , 5
-144 , 5.33 ,0
-144 , -14.67 , 5
-144 , 6.67 , 13
-144 , -13.33 , 6
-144 , 8.0 , 16
-144 , -12.0 , 7
-144 , 9.33 , 13
-144 , -10.67 , 7
-144 , 10.67 , 13
-143 , -30.67 , 3
-143 , -9.33 , 8
-143 , -29.33 , 3
-143 , -8.0 , 9
-143 , -28.0 , 3
-143 , -6.66 , 9
-143 , -26.66 , 3
-143 , -5.33 , 9
-143 , -25.33 , 3
-143 , -4.0 , 9
-143 , -24.0 , 3
-143 , -2.67 , 9
-143 , -22.67 , 3
-143 , -1.33 , 9
-143 , -21.33 , 4
-143 , 0.0 ,0
-143 , -20.0 , 4
-143 , 1.33 , 13
-143 , -18.67 , 4
-143 , 2.67 , 13
-143 , -17.33 , 5
-143 , 4.0 , 13
-143 , -16.0 , 5
-143 , 5.33 , 13
-143 , -14.67 , 5
-143 , 6.67 , 13
-143 , -13.33 , 6
-143 , 8.0 , 13
-143 , -12.0 , 6
-143 , 9.33 , 13
-143 , -10.67 , 9
-143 , 10.67 , 13
-142 , -30.67 , 3
-142 , -9.33 , 8
-142 , -29.33 , 3
-142 , -8.0 , 9
-142 , -28.0 , 3
-142 , -6.66 , 9
-142 , -26.66 , 3
-142 , -5.33 , 9
-142 , -25.33 ,0
-142 , -4.0 , 9
-142 , -24.0 , 3
-142 , -2.67 , 12
-142 , -22.67 , 3
-142 , -1.33 , 9
-142 , -21.33 , 4
-142 , 0.0 , 13
-142 , -20.0 , 4
-142 , 1.33 , 13
-142 , -18.67 , 4
-142 , 2.67 , 13
-142 , -17.33 , 5
-142 , 4.0 , 13
-142 , -16.0 , 5
-142 , 5.33 , 13
-142 , -14.67 ,0
-142 , 6.67 , 13
-142 , -13.33 , 6
-142 , 8.0 , 13
-142 , -12.0 , 6
-142 , 9.33 , 13
-142 , -10.67 , 7
-142 , 10.67 , 12
-141 , -30.67 ,0
-141 , -9.33 , 12
-141 , -29.33 , 3
-141 , -8.0 , 9
-141 , -28.0 , 3
-141 , -6.66 , 11
-141 , -26.66 , 3
-141 , -5.33 , 11
-141 , -25.33 , 3
-141 , -4.0 , 12
-141 , -24.0 , 3
-141 , -2.67 , 12
-141 , -22.67 , 3
-141 , -1.33 , 17
-141 , -21.33 , 4
-141 , 0.0 , 17
-141 , -20.0 , 4
-141 , 1.33 , 17
-141 , -18.67 , 4
-141 , 2.67 , 17
-141 , -17.33 , 5
-141 , 4.0 , 17
-141 , -16.0 , 5
-141 , 5.33 , 17
-141 , -14.67 , 5
-141 , 6.67 , 13
-141 , -13.33 , 6
-141 , 8.0 , 17
-141 , -12.0 , 6
-141 , 9.33 , 17
-141 , -10.67 , 7
-141 , 10.67 , 12
-140 , -30.67 ,0
-140 , -9.33 , 12
-140 , -29.33 , 3
-140 , -8.0 , 9
-140 , -28.0 , 3
-140 , -6.66 , 11
-140 , -26.66 , 3
-140 , -5.33 , 11
-140 , -25.33 , 3
-140 , -4.0 , 11
-140 , -24.0 , 3
-140 , -2.67 , 11
-140 , -22.67 , 3
-140 , -1.33 , 17
-140 , -21.33 , 4
-140 , 0.0 , 12
-140 , -20.0 , 4
-140 , 1.33 , 17
-140 , -18.67 , 4
-140 , 2.67 , 17
-140 , -17.33 , 5
-140 , 4.0 , 17
-140 , -16.0 , 5
-140 , 5.33 , 17
-140 , -14.67 , 5
-140 , 6.67 , 17
-140 , -13.33 ,0
-140 , 8.0 , 17
-140 , -12.0 , 6
-140 , 9.33 , 17
-140 , -10.67 , 7
-140 , 10.67 , 12
-139 , -30.67 , 3
-139 , -9.33 , 8
-139 , -29.33 , 3
-139 , -8.0 , 9
-139 , -28.0 , 3
-139 , -6.66 , 11
-139 , -26.66 , 3
-139 , -5.33 , 11
-139 , -25.33 , 3
-139 , -4.0 , 11
-139 , -24.0 , 3
-139 , -2.67 , 11
-139 , -22.67 , 3
-139 , -1.33 ,0
-139 , -21.33 , 4
-139 , 0.0 , 12
-139 , -20.0 , 4
-139 , 1.33 ,0
-139 , -18.67 , 4
-139 , 2.67 ,0
-139 , -17.33 , 5
-139 , 4.0 , 17
-139 , -16.0 , 5
-139 , 5.33 , 12
-139 , -14.67 , 5
-139 , 6.67 , 12
-139 , -13.33 , 6
-139 , 8.0 , 12
-139 , -12.0 , 6
-139 , 9.33 , 12
-139 , -10.67 , 7
-139 , 10.67 , 12
-138 , -30.67 ,0
-138 , -9.33 , 8
-138 , -29.33 ,0
-138 , -8.0 , 9
-138 , -28.0 , 3
-138 , -6.66 , 11
-138 , -26.66 , 3
-138 , -5.33 , 11
-138 , -25.33 , 3
-138 , -4.0 , 11
-138 , -24.0 , 3
-138 , -2.67 , 11
-138 , -22.67 , 3
-138 , -1.33 , 11
-138 , -21.33 , 4
-138 , 0.0 , 11
-138 , -20.0 , 4
-138 , 1.33 , 12
-138 , -18.67 , 4
-138 , 2.67 , 12
-138 , -17.33 , 5
-138 , 4.0 , 12
-138 , -16.0 , 5
-138 , 5.33 , 12
-138 , -14.67 ,0
-138 , 6.67 , 12
-138 , -13.33 , 6
-138 , 8.0 , 12
-138 , -12.0 , 6
-138 , 9.33 , 12
-138 , -10.67 , 7
-138 , 10.67 , 12
-137 , -30.67 , 3
-137 , -9.33 , 11
-137 , -29.33 , 3
-137 , -8.0 , 9
-137 , -28.0 , 3
-137 , -6.66 , 11
-137 , -26.66 , 3
-137 , -5.33 , 11
-137 , -25.33 , 3
-137 , -4.0 , 11
-137 , -24.0 , 3
-137 , -2.67 , 11
-137 , -22.67 , 3
-137 , -1.33 , 11
-137 , -21.33 , 4
-137 , 0.0 , 11
-137 , -20.0 , 4
-137 , 1.33 , 11
-137 , -18.67 , 4
-137 , 2.67 , 11
-137 , -17.33 , 5
-137 , 4.0 , 11
-137 , -16.0 , 5
-137 , 5.33 , 11
-137 , -14.67 ,0
-137 , 6.67 , 11
-137 , -13.33 , 6
-137 , 8.0 , 11
-137 , -12.0 , 6
-137 , 9.33 , 11
-137 , -10.67 , 7
-137 , 10.67 , 11
-136 , -30.67 , 3
-136 , -9.33 , 7
-136 , -29.33 , 3
-136 , -8.0 , 7
-136 , -28.0 , 3
-136 , -6.66 , 11
-136 , -26.66 , 3
-136 , -5.33 , 11
-136 , -25.33 , 3
-136 , -4.0 , 11
-136 , -24.0 , 3
-136 , -2.67 , 11
-136 , -22.67 , 3
-136 , -1.33 , 11
-136 , -21.33 , 4
-136 , 0.0 , 11
-136 , -20.0 , 4
-136 , 1.33 , 10
-136 , -18.67 , 4
-136 , 2.67 , 10
-136 , -17.33 , 5
-136 , 4.0 , 10
-136 , -16.0 , 5
-136 , 5.33 , 11
-136 , -14.67 , 5
-136 , 6.67 , 11
-136 , -13.33 , 6
-136 , 8.0 , 11
-136 , -12.0 , 6
-136 , 9.33 , 11
-136 , -10.67 , 7
-136 , 10.67 , 11
-135 , -30.67 ,0
-135 , -9.33 , 7
-135 , -29.33 ,0
-135 , -8.0 , 7
-135 , -28.0 , 3
-135 , -6.66 , 10
-135 , -26.66 , 3
-135 , -5.33 , 10
-135 , -25.33 , 3
-135 , -4.0 , 10
-135 , -24.0 , 3
-135 , -2.67 , 10
-135 , -22.67 , 3
-135 , -1.33 , 10
-135 , -21.33 , 4
-135 , 0.0 , 10
-135 , -20.0 , 4
-135 , 1.33 , 10
-135 , -18.67 , 4
-135 , 2.67 , 10
-135 , -17.33 , 5
-135 , 4.0 , 10
-135 , -16.0 , 5
-135 , 5.33 , 10
-135 , -14.67 , 5
-135 , 6.67 , 10
-135 , -13.33 , 6
-135 , 8.0 , 10
-135 , -12.0 , 6
-135 , 9.33 , 10
-135 , -10.67 , 7
-135 , 10.67 , 10
-134 , -30.67 ,0
-134 , -9.33 , 7
-134 , -29.33 , 3
-134 , -8.0 , 7
-134 , -28.0 , 3
-134 , -6.66 , 7
-134 , -26.66 , 3
-134 , -5.33 , 7
-134 , -25.33 , 3
-134 , -4.0 , 6
-134 , -24.0 , 3
-134 , -2.67 , 6
-134 , -22.67 , 3
-134 , -1.33 , 6
-134 , -21.33 , 4
-134 , 0.0 , 7
-134 , -20.0 , 4
-134 , 1.33 , 10
-134 , -18.67 , 4
-134 , 2.67 , 10
-134 , -17.33 , 5
-134 , 4.0 , 10
-134 , -16.0 , 5
-134 , 5.33 , 10
-134 , -14.67 ,0
-134 , 6.67 , 10
-134 , -13.33 , 6
-134 , 8.0 , 10
-134 , -12.0 , 6
-134 , 9.33 , 10
-134 , -10.67 , 7
-134 , 10.67 , 10
-133 , -30.67 ,0
-133 , -9.33 , 7
-133 , -29.33 , 3
-133 , -8.0 , 7
-133 , -28.0 ,0
-133 , -6.66 , 7
-133 , -26.66 , 3
-133 , -5.33 , 6
-133 , -25.33 , 3
-133 , -4.0 , 6
-133 , -24.0 , 3
-133 , -2.67 , 6
-133 , -22.67 , 3
-133 , -1.33 , 6
-133 , -21.33 , 4
-133 , 0.0 , 10
-133 , -20.0 , 4
-133 , 1.33 , 10
-133 , -18.67 , 4
-133 , 2.67 , 10
-133 , -17.33 , 5
-133 , 4.0 , 10
-133 , -16.0 , 5
-133 , 5.33 , 10
-133 , -14.67 , 5
-133 , 6.67 , 10
-133 , -13.33 , 6
-133 , 8.0 , 10
-133 , -12.0 , 6
-133 , 9.33 , 10
-133 , -10.67 , 7
-133 , 10.67 , 10
-132 , -30.67 , 3
-132 , -9.33 , 7
-132 , -29.33 ,0
-132 , -8.0 , 7
-132 , -28.0 , 3
-132 , -6.66 , 7
-132 , -26.66 , 3
-132 , -5.33 , 7
-132 , -25.33 , 3
-132 , -4.0 , 10
-132 , -24.0 , 3
-132 , -2.67 , 10
-132 , -22.67 , 3
-132 , -1.33 , 10
-132 , -21.33 , 4
-132 , 0.0 , 10
-132 , -20.0 , 4
-132 , 1.33 , 10
-132 , -18.67 , 4
-132 , 2.67 , 10
-132 , -17.33 , 4
-132 , 4.0 , 10
-132 , -16.0 , 5
-132 , 5.33 , 10
-132 , -14.67 , 5
-132 , 6.67 , 10
-132 , -13.33 , 6
-132 , 8.0 , 10
-132 , -12.0 , 6
-132 , 9.33 , 10
-132 , -10.67 , 7
-132 , 10.67 , 10
-131 , -30.67 ,0
-131 , -9.33 , 7
-131 , -29.33 , 3
-131 , -8.0 , 7
-131 , -28.0 , 3
-131 , -6.66 , 9
-131 , -26.66 , 3
-131 , -5.33 , 9
-131 , -25.33 , 3
-131 , -4.0 , 10
-131 , -24.0 , 3
-131 , -2.67 , 10
-131 , -22.67 , 3
-131 , -1.33 , 10
-131 , -21.33 , 4
-131 , 0.0 , 10
-131 , -20.0 , 4
-131 , 1.33 , 10
-131 , -18.67 , 4
-131 , 2.67 , 10
-131 , -17.33 , 5
-131 , 4.0 , 10
-131 , -16.0 , 5
-131 , 5.33 , 10
-131 , -14.67 , 5
-131 , 6.67 , 10
-131 , -13.33 , 6
-131 , 8.0 , 10
-131 , -12.0 , 6
-131 , 9.33 , 10
-131 , -10.67 , 7
-131 , 10.67 , 10
-130 , -30.67 ,0
-130 , -9.33 , 8
-130 , -29.33 ,0
-130 , -8.0 , 8
-130 , -28.0 , 3
-130 , -6.66 , 9
-130 , -26.66 , 3
-130 , -5.33 , 6
-130 , -25.33 , 3
-130 , -4.0 , 10
-130 , -24.0 , 3
-130 , -2.67 , 10
-130 , -22.67 , 3
-130 , -1.33 , 10
-130 , -21.33 , 4
-130 , 0.0 , 10
-130 , -20.0 , 4
-130 , 1.33 , 10
-130 , -18.67 , 4
-130 , 2.67 , 10
-130 , -17.33 , 4
-130 , 4.0 , 10
-130 , -16.0 , 5
-130 , 5.33 , 10
-130 , -14.67 ,0
-130 , 6.67 , 10
-130 , -13.33 , 6
-130 , 8.0 , 10
-130 , -12.0 , 6
-130 , 9.33 , 10
-130 , -10.67 , 7
-130 , 10.67 , 10
-129 , -30.67 ,0
-129 , -9.33 , 8
-129 , -29.33 ,0
-129 , -8.0 , 8
-129 , -28.0 , 3
-129 , -6.66 , 8
-129 , -26.66 , 3
-129 , -5.33 , 6
-129 , -25.33 , 3
-129 , -4.0 , 7
-129 , -24.0 , 3
-129 , -2.67 , 7
-129 , -22.67 , 3
-129 , -1.33 , 7
-129 , -21.33 , 4
-129 , 0.0 , 7
-129 , -20.0 , 4
-129 , 1.33 , 10
-129 , -18.67 , 4
-129 , 2.67 , 10
-129 , -17.33 , 4
-129 , 4.0 , 10
-129 , -16.0 , 5
-129 , 5.33 , 10
-129 , -14.67 , 5
-129 , 6.67 , 10
-129 , -13.33 , 6
-129 , 8.0 , 10
-129 , -12.0 , 6
-129 , 9.33 , 10
-129 , -10.67 , 7
-129 , 10.67 , 10
-128 , -30.67 ,0
-128 , -9.33 , 8
-128 , -29.33 , 3
-128 , -8.0 , 8
-128 , -28.0 , 3
-128 , -6.66 , 10
-128 , -26.66 , 3
-128 , -5.33 , 6
-128 , -25.33 , 3
-128 , -4.0 , 10
-128 , -24.0 , 3
-128 , -2.67 , 10
-128 , -22.67 , 3
-128 , -1.33 , 10
-128 , -21.33 , 4
-128 , 0.0 , 10
-128 , -20.0 , 4
-128 , 1.33 , 10
-128 , -18.67 , 4
-128 , 2.67 , 10
-128 , -17.33 , 4
-128 , 4.0 , 10
-128 , -16.0 , 5
-128 , 5.33 , 10
-128 , -14.67 , 5
-128 , 6.67 , 10
-128 , -13.33 , 6
-128 , 8.0 , 10
-128 , -12.0 , 6
-128 , 9.33 , 10
-128 , -10.67 , 7
-128 , 10.67 , 10
-127 , -30.67 ,0
-127 , -9.33 , 10
-127 , -29.33 , 3
-127 , -8.0 , 9
-127 , -28.0 , 3
-127 , -6.66 , 10
-127 , -26.66 , 3
-127 , -5.33 , 10
-127 , -25.33 , 3
-127 , -4.0 , 10
-127 , -24.0 , 3
-127 , -2.67 , 10
-127 , -22.67 , 3
-127 , -1.33 , 10
-127 , -21.33 , 4
-127 , 0.0 , 10
-127 , -20.0 , 4
-127 , 1.33 , 10
-127 , -18.67 , 4
-127 , 2.67 , 10
-127 , -17.33 , 5
-127 , 4.0 , 10
-127 , -16.0 , 5
-127 , 5.33 , 10
-127 , -14.67 , 10
-127 , 6.67 , 10
-127 , -13.33 , 6
-127 , 8.0 , 10
-127 , -12.0 , 6
-127 , 9.33 , 10
-127 , -10.67 , 7
-127 , 10.67 , 10
-126 , -30.67 ,0
-126 , -9.33 , 8
-126 , -29.33 , 3
-126 , -8.0 , 10
-126 , -28.0 , 3
-126 , -6.66 , 10
-126 , -26.66 , 3
-126 , -5.33 , 10
-126 , -25.33 , 3
-126 , -4.0 , 10
-126 , -24.0 , 3
-126 , -2.67 , 10
-126 , -22.67 , 3
-126 , -1.33 , 10
-126 , -21.33 , 4
-126 , 0.0 , 10
-126 , -20.0 , 4
-126 , 1.33 , 10
-126 , -18.67 , 4
-126 , 2.67 , 10
-126 , -17.33 , 4
-126 , 4.0 , 10
-126 , -16.0 , 5
-126 , 5.33 , 10
-126 , -14.67 , 5
-126 , 6.67 , 10
-126 , -13.33 , 6
-126 , 8.0 , 10
-126 , -12.0 , 6
-126 , 9.33 , 10
-126 , -10.67 , 7
-126 , 10.67 , 10
-125 , -30.67 , 2
-125 , -9.33 , 5
-125 , -29.33 , 3
-125 , -8.0 , 5
-125 , -28.0 , 3
-125 , -6.66 , 5
-125 , -26.66 , 3
-125 , -5.33 , 5
-125 , -25.33 , 3
-125 , -4.0 , 5
-125 , -24.0 , 3
-125 , -2.67 , 8
-125 , -22.67 , 3
-125 , -1.33 , 8
-125 , -21.33 , 4
-125 , 0.0 , 8
-125 , -20.0 , 4
-125 , 1.33 , 9
-125 , -18.67 , 4
-125 , 2.67 , 9
-125 , -17.33 , 4
-125 , 4.0 , 9
-125 , -16.0 , 5
-125 , 5.33 , 9
-125 , -14.67 , 5
-125 , 6.67 , 9
-125 , -13.33 , 5
-125 , 8.0 , 9
-125 , -12.0 , 5
-125 , 9.33 , 10
-125 , -10.67 , 5
-125 , 10.67 , 10
-124 , -30.67 ,0
-124 , -9.33 , 5
-124 , -29.33 , 3
-124 , -8.0 , 5
-124 , -28.0 , 3
-124 , -6.66 , 5
-124 , -26.66 , 3
-124 , -5.33 , 5
-124 , -25.33 , 3
-124 , -4.0 , 5
-124 , -24.0 , 3
-124 , -2.67 , 6
-124 , -22.67 , 3
-124 , -1.33 , 6
-124 , -21.33 , 4
-124 , 0.0 , 9
-124 , -20.0 , 4
-124 , 1.33 , 9
-124 , -18.67 , 4
-124 , 2.67 , 9
-124 , -17.33 , 4
-124 , 4.0 , 9
-124 , -16.0 , 5
-124 , 5.33 , 9
-124 , -14.67 , 5
-124 , 6.67 , 9
-124 , -13.33 , 5
-124 , 8.0 , 9
-124 , -12.0 , 5
-124 , 9.33 , 9
-124 , -10.67 , 5
-124 , 10.67 , 9
-123 , -30.67 , 3
-123 , -9.33 , 5
-123 , -29.33 , 3
-123 , -8.0 , 5
-123 , -28.0 , 3
-123 , -6.66 , 5
-123 , -26.66 , 3
-123 , -5.33 , 5
-123 , -25.33 , 3
-123 , -4.0 , 5
-123 , -24.0 , 3
-123 , -2.67 , 6
-123 , -22.67 , 3
-123 , -1.33 , 6
-123 , -21.33 , 4
-123 , 0.0 , 9
-123 , -20.0 , 4
-123 , 1.33 , 9
-123 , -18.67 , 4
-123 , 2.67 , 9
-123 , -17.33 , 4
-123 , 4.0 , 9
-123 , -16.0 , 5
-123 , 5.33 , 9
-123 , -14.67 , 5
-123 , 6.67 , 9
-123 , -13.33 , 5
-123 , 8.0 , 9
-123 , -12.0 , 5
-123 , 9.33 , 9
-123 , -10.67 , 5
-123 , 10.67 , 9
-122 , -30.67 , 2
-122 , -9.33 , 5
-122 , -29.33 ,0
-122 , -8.0 , 5
-122 , -28.0 , 3
-122 , -6.66 , 6
-122 , -26.66 , 3
-122 , -5.33 , 5
-122 , -25.33 , 3
-122 , -4.0 , 5
-122 , -24.0 , 3
-122 , -2.67 , 9
-122 , -22.67 , 3
-122 , -1.33 , 9
-122 , -21.33 , 4
-122 , 0.0 , 9
-122 , -20.0 , 4
-122 , 1.33 , 9
-122 , -18.67 , 4
-122 , 2.67 , 9
-122 , -17.33 , 4
-122 , 4.0 , 9
-122 , -16.0 , 5
-122 , 5.33 , 9
-122 , -14.67 , 5
-122 , 6.67 , 9
-122 , -13.33 , 6
-122 , 8.0 , 9
-122 , -12.0 , 6
-122 , 9.33 , 9
-122 , -10.67 , 6
-122 , 10.67 , 9
-121 , -30.67 , 2
-121 , -9.33 , 6
-121 , -29.33 ,0
-121 , -8.0 , 6
-121 , -28.0 , 3
-121 , -6.66 , 6
-121 , -26.66 , 3
-121 , -5.33 , 6
-121 , -25.33 , 3
-121 , -4.0 , 6
-121 , -24.0 , 3
-121 , -2.67 , 9
-121 , -22.67 , 3
-121 , -1.33 , 9
-121 , -21.33 , 4
-121 , 0.0 , 9
-121 , -20.0 , 4
-121 , 1.33 , 9
-121 , -18.67 , 4
-121 , 2.67 , 9
-121 , -17.33 , 4
-121 , 4.0 , 9
-121 , -16.0 , 5
-121 , 5.33 , 9
-121 , -14.67 , 5
-121 , 6.67 , 9
-121 , -13.33 , 6
-121 , 8.0 , 9
-121 , -12.0 , 6
-121 , 9.33 , 9
-121 , -10.67 , 6
-121 , 10.67 , 9
-120 , -30.67 , 2
-120 , -9.33 , 6
-120 , -29.33 ,0
-120 , -8.0 , 6
-120 , -28.0 , 3
-120 , -6.66 , 6
-120 , -26.66 , 3
-120 , -5.33 , 6
-120 , -25.33 ,0
-120 , -4.0 , 6
-120 , -24.0 , 3
-120 , -2.67 , 6
-120 , -22.67 , 3
-120 , -1.33 , 10
-120 , -21.33 , 4
-120 , 0.0 , 10
-120 , -20.0 , 4
-120 , 1.33 , 17
-120 , -18.67 , 4
-120 , 2.67 , 17
-120 , -17.33 , 4
-120 , 4.0 , 17
-120 , -16.0 , 5
-120 , 5.33 , 17
-120 , -14.67 , 5
-120 , 6.67 , 18
-120 , -13.33 , 6
-120 , 8.0 , 17
-120 , -12.0 , 6
-120 , 9.33 , 9
-120 , -10.67 , 6
-120 , 10.67 , 14
-119 , -30.67 , 3
-119 , -9.33 , 6
-119 , -29.33 , 3
-119 , -8.0 , 6
-119 , -28.0 , 3
-119 , -6.66 , 6
-119 , -26.66 , 3
-119 , -5.33 , 6
-119 , -25.33 , 3
-119 , -4.0 , 5
-119 , -24.0 , 3
-119 , -2.67 , 9
-119 , -22.67 , 3
-119 , -1.33 , 19
-119 , -21.33 , 4
-119 , 0.0 , 9
-119 , -20.0 , 4
-119 , 1.33 , 9
-119 , -18.67 , 4
-119 , 2.67 , 9
-119 , -17.33 , 4
-119 , 4.0 , 9
-119 , -16.0 , 5
-119 , 5.33 , 9
-119 , -14.67 , 5
-119 , 6.67 , 9
-119 , -13.33 , 6
-119 , 8.0 , 9
-119 , -12.0 , 5
-119 , 9.33 , 9
-119 , -10.67 , 6
-119 , 10.67 , 9
-118 , -30.67 , 3
-118 , -9.33 , 5
-118 , -29.33 , 3
-118 , -8.0 , 5
-118 , -28.0 , 3
-118 , -6.66 , 5
-118 , -26.66 , 3
-118 , -5.33 , 5
-118 , -25.33 , 3
-118 , -4.0 , 5
-118 , -24.0 , 3
-118 , -2.67 , 9
-118 , -22.67 , 3
-118 , -1.33 , 9
-118 , -21.33 , 4
-118 , 0.0 , 9
-118 , -20.0 , 4
-118 , 1.33 , 9
-118 , -18.67 , 4
-118 , 2.67 , 9
-118 , -17.33 , 5
-118 , 4.0 , 9
-118 , -16.0 , 5
-118 , 5.33 , 9
-118 , -14.67 , 4
-118 , 6.67 , 9
-118 , -13.33 , 5
-118 , 8.0 , 9
-118 , -12.0 , 5
-118 , 9.33 , 9
-118 , -10.67 , 5
-118 , 10.67 , 9
-117 , -30.67 , 3
-117 , -9.33 , 8
-117 , -29.33 , 3
-117 , -8.0 , 9
-117 , -28.0 , 3
-117 , -6.66 , 9
-117 , -26.66 , 3
-117 , -5.33 , 9
-117 , -25.33 , 3
-117 , -4.0 , 9
-117 , -24.0 , 3
-117 , -2.67 , 9
-117 , -22.67 , 3
-117 , -1.33 , 9
-117 , -21.33 , 4
-117 , 0.0 , 9
-117 , -20.0 , 4
-117 , 1.33 , 9
-117 , -18.67 , 4
-117 , 2.67 , 9
-117 , -17.33 , 4
-117 , 4.0 , 9
-117 , -16.0 , 3
-117 , 5.33 , 9
-117 , -14.67 , 4
-117 , 6.67 , 19
-117 , -13.33 , 6
-117 , 8.0 , 17
-117 , -12.0 , 6
-117 , 9.33 , 9
-117 , -10.67 , 7
-117 , 10.67 , 14
-116 , -30.67 , 3
-116 , -9.33 , 8
-116 , -29.33 , 3
-116 , -8.0 , 9
-116 , -28.0 , 3
-116 , -6.66 ,0
-116 , -26.66 , 3
-116 , -5.33 , 12
-116 , -25.33 , 3
-116 , -4.0 , 12
-116 , -24.0 , 3
-116 , -2.67 , 11
-116 , -22.67 , 3
-116 , -1.33 , 11
-116 , -21.33 , 4
-116 , 0.0 , 11
-116 , -20.0 , 4
-116 , 1.33 , 16
-116 , -18.67 , 4
-116 , 2.67 , 16
-116 , -17.33 , 4
-116 , 4.0 , 16
-116 , -16.0 , 3
-116 , 5.33 , 16
-116 , -14.67 , 4
-116 , 6.67 , 19
-116 , -13.33 , 6
-116 , 8.0 , 17
-116 , -12.0 , 6
-116 , 9.33 , 9
-116 , -10.67 , 7
-116 , 10.67 , 14
-115 , -30.67 ,0
-115 , -9.33 , 8
-115 , -29.33 , 3
-115 , -8.0 , 9
-115 , -28.0 , 3
-115 , -6.66 ,0
-115 , -26.66 , 3
-115 , -5.33 ,0
-115 , -25.33 , 3
-115 , -4.0 ,0
-115 , -24.0 , 3
-115 , -2.67 , 17
-115 , -22.67 , 3
-115 , -1.33 , 18
-115 , -21.33 , 4
-115 , 0.0 , 16
-115 , -20.0 , 4
-115 , 1.33 , 16
-115 , -18.67 , 4
-115 , 2.67 , 16
-115 , -17.33 , 4
-115 , 4.0 , 16
-115 , -16.0 , 3
-115 , 5.33 , 16
-115 , -14.67 , 4
-115 , 6.67 , 18
-115 , -13.33 , 6
-115 , 8.0 , 17
-115 , -12.0 , 6
-115 , 9.33 , 9
-115 , -10.67 , 7
-115 , 10.67 , 14
-114 , -30.67 ,0
-114 , -9.33 , 6
-114 , -29.33 , 3
-114 , -8.0 , 6
-114 , -28.0 , 3
-114 , -6.66 , 6
-114 , -26.66 , 3
-114 , -5.33 , 6
-114 , -25.33 , 3
-114 , -4.0 , 6
-114 , -24.0 , 3
-114 , -2.67 , 12
-114 , -22.67 , 4
-114 , -1.33 , 12
-114 , -21.33 , 4
-114 , 0.0 , 12
-114 , -20.0 , 4
-114 , 1.33 , 12
-114 , -18.67 , 4
-114 , 2.67 , 16
-114 , -17.33 , 4
-114 , 4.0 , 16
-114 , -16.0 , 3
-114 , 5.33 , 16
-114 , -14.67 , 4
-114 , 6.67 , 18
-114 , -13.33 , 6
-114 , 8.0 , 16
-114 , -12.0 , 6
-114 , 9.33 , 9
-114 , -10.67 , 6
-114 , 10.67 , 13
-113 , -30.67 ,0
-113 , -9.33 , 8
-113 , -29.33 , 3
-113 , -8.0 , 9
-113 , -28.0 , 3
-113 , -6.66 , 11
-113 , -26.66 , 3
-113 , -5.33 , 12
-113 , -25.33 , 3
-113 , -4.0 ,0
-113 , -24.0 , 3
-113 , -2.67 , 12
-113 , -22.67 , 4
-113 , -1.33 , 12
-113 , -21.33 , 4
-113 , 0.0 , 16
-113 , -20.0 , 4
-113 , 1.33 , 18
-113 , -18.67 , 4
-113 , 2.67 , 18
-113 , -17.33 , 4
-113 , 4.0 , 18
-113 , -16.0 , 3
-113 , 5.33 , 18
-113 , -14.67 , 4
-113 , 6.67 , 16
-113 , -13.33 , 6
-113 , 8.0 , 16
-113 , -12.0 , 6
-113 , 9.33 , 9
-113 , -10.67 , 7
-113 , 10.67 , 13
-112 , -30.67 , 3
-112 , -9.33 , 8
-112 , -29.33 ,0
-112 , -8.0 , 9
-112 , -28.0 , 3
-112 , -6.66 , 11
-112 , -26.66 , 3
-112 , -5.33 , 9
-112 , -25.33 , 3
-112 , -4.0 ,0
-112 , -24.0 , 3
-112 , -2.67 , 16
-112 , -22.67 , 3
-112 , -1.33 , 16
-112 , -21.33 , 4
-112 , 0.0 , 16
-112 , -20.0 , 4
-112 , 1.33 , 16
-112 , -18.67 , 4
-112 , 2.67 , 18
-112 , -17.33 , 4
-112 , 4.0 , 18
-112 , -16.0 , 3
-112 , 5.33 , 18
-112 , -14.67 , 4
-112 , 6.67 , 18
-112 , -13.33 , 6
-112 , 8.0 , 16
-112 , -12.0 , 6
-112 , 9.33 , 9
-112 , -10.67 , 5
-112 , 10.67 , 13
-111 , -30.67 , 2
-111 , -9.33 , 5
-111 , -29.33 , 3
-111 , -8.0 , 5
-111 , -28.0 , 3
-111 , -6.66 , 5
-111 , -26.66 , 3
-111 , -5.33 , 4
-111 , -25.33 , 3
-111 , -4.0 , 5
-111 , -24.0 , 3
-111 , -2.67 , 9
-111 , -22.67 , 3
-111 , -1.33 , 9
-111 , -21.33 , 4
-111 , 0.0 , 9
-111 , -20.0 , 4
-111 , 1.33 , 9
-111 , -18.67 ,0
-111 , 2.67 , 9
-111 , -17.33 , 4
-111 , 4.0 , 9
-111 , -16.0 , 3
-111 , 5.33 , 9
-111 , -14.67 , 4
-111 , 6.67 , 9
-111 , -13.33 , 5
-111 , 8.0 , 9
-111 , -12.0 , 5
-111 , 9.33 , 9
-111 , -10.67 , 5
-111 , 10.67 , 13
-110 , -30.67 , 3
-110 , -9.33 , 5
-110 , -29.33 ,0
-110 , -8.0 , 5
-110 , -28.0 , 3
-110 , -6.66 , 5
-110 , -26.66 , 3
-110 , -5.33 , 5
-110 , -25.33 , 3
-110 , -4.0 , 5
-110 , -24.0 , 3
-110 , -2.67 , 9
-110 , -22.67 , 3
-110 , -1.33 , 9
-110 , -21.33 , 4
-110 , 0.0 , 9
-110 , -20.0 , 4
-110 , 1.33 , 9
-110 , -18.67 ,0
-110 , 2.67 , 9
-110 , -17.33 , 4
-110 , 4.0 , 9
-110 , -16.0 , 3
-110 , 5.33 , 9
-110 , -14.67 , 4
-110 , 6.67 , 9
-110 , -13.33 , 5
-110 , 8.0 , 9
-110 , -12.0 , 5
-110 , 9.33 , 9
-110 , -10.67 , 5
-110 , 10.67 , 13
-109 , -30.67 ,0
-109 , -9.33 , 5
-109 , -29.33 ,0
-109 , -8.0 , 5
-109 , -28.0 , 3
-109 , -6.66 , 5
-109 , -26.66 , 3
-109 , -5.33 , 5
-109 , -25.33 , 3
-109 , -4.0 , 5
-109 , -24.0 , 3
-109 , -2.67 , 9
-109 , -22.67 , 3
-109 , -1.33 , 9
-109 , -21.33 , 4
-109 , 0.0 , 9
-109 , -20.0 , 4
-109 , 1.33 , 9
-109 , -18.67 , 4
-109 , 2.67 , 9
-109 , -17.33 , 4
-109 , 4.0 , 9
-109 , -16.0 , 5
-109 , 5.33 , 9
-109 , -14.67 , 5
-109 , 6.67 , 9
-109 , -13.33 , 5
-109 , 8.0 , 9
-109 , -12.0 , 5
-109 , 9.33 , 9
-109 , -10.67 , 5
-109 , 10.67 , 13
-108 , -30.67 , 3
-108 , -9.33 , 5
-108 , -29.33 ,0
-108 , -8.0 , 5
-108 , -28.0 , 3
-108 , -6.66 , 5
-108 , -26.66 , 3
-108 , -5.33 , 5
-108 , -25.33 , 3
-108 , -4.0 , 5
-108 , -24.0 , 3
-108 , -2.67 , 12
-108 , -22.67 , 3
-108 , -1.33 , 9
-108 , -21.33 , 4
-108 , 0.0 , 9
-108 , -20.0 , 4
-108 , 1.33 , 8
-108 , -18.67 , 4
-108 , 2.67 ,0
-108 , -17.33 , 4
-108 , 4.0 ,0
-108 , -16.0 , 4
-108 , 5.33 , 22
-108 , -14.67 , 5
-108 , 6.67 , 18
-108 , -13.33 , 5
-108 , 8.0 , 17
-108 , -12.0 , 5
-108 , 9.33 , 8
-108 , -10.67 , 5
-108 , 10.67 , 13
-107 , -30.67 , 3
-107 , -9.33 , 5
-107 , -29.33 ,0
-107 , -8.0 , 5
-107 , -28.0 , 3
-107 , -6.66 , 5
-107 , -26.66 , 3
-107 , -5.33 , 5
-107 , -25.33 , 3
-107 , -4.0 , 5
-107 , -24.0 , 3
-107 , -2.67 , 5
-107 , -22.67 , 3
-107 , -1.33 , 5
-107 , -21.33 , 4
-107 , 0.0 , 5
-107 , -20.0 , 4
-107 , 1.33 , 8
-107 , -18.67 , 4
-107 , 2.67 ,0
-107 , -17.33 , 4
-107 , 4.0 ,0
-107 , -16.0 , 4
-107 , 5.33 , 17
-107 , -14.67 , 5
-107 , 6.67 , 18
-107 , -13.33 , 5
-107 , 8.0 , 17
-107 , -12.0 , 5
-107 , 9.33 , 8
-107 , -10.67 , 5
-107 , 10.67 , 13
-106 , -30.67 , 2
-106 , -9.33 , 8
-106 , -29.33 , 3
-106 , -8.0 , 8
-106 , -28.0 , 3
-106 , -6.66 , 5
-106 , -26.66 , 3
-106 , -5.33 , 12
-106 , -25.33 , 3
-106 , -4.0 , 5
-106 , -24.0 , 3
-106 , -2.67 , 5
-106 , -22.67 , 3
-106 , -1.33 , 5
-106 , -21.33 , 4
-106 , 0.0 , 5
-106 , -20.0 , 4
-106 , 1.33 , 8
-106 , -18.67 , 4
-106 , 2.67 ,0
-106 , -17.33 , 4
-106 , 4.0 ,0
-106 , -16.0 , 4
-106 , 5.33 , 17
-106 , -14.67 , 5
-106 , 6.67 , 18
-106 , -13.33 , 5
-106 , 8.0 ,0
-106 , -12.0 , 6
-106 , 9.33 , 8
-106 , -10.67 , 7
-106 , 10.67 , 13
-105 , -30.67 , 2
-105 , -9.33 , 8
-105 , -29.33 , 3
-105 , -8.0 , 8
-105 , -28.0 , 3
-105 , -6.66 , 5
-105 , -26.66 , 3
-105 , -5.33 , 11
-105 , -25.33 , 3
-105 , -4.0 , 5
-105 , -24.0 , 3
-105 , -2.67 , 5
-105 , -22.67 , 3
-105 , -1.33 ,0
-105 , -21.33 , 4
-105 , 0.0 , 5
-105 , -20.0 , 4
-105 , 1.33 , 8
-105 , -18.67 , 4
-105 , 2.67 ,0
-105 , -17.33 , 4
-105 , 4.0 ,0
-105 , -16.0 , 4
-105 , 5.33 , 17
-105 , -14.67 , 5
-105 , 6.67 , 18
-105 , -13.33 , 5
-105 , 8.0 , 17
-105 , -12.0 ,0
-105 , 9.33 , 8
-105 , -10.67 , 5
-105 , 10.67 , 13
-104 , -30.67 , 2
-104 , -9.33 , 8
-104 , -29.33 , 3
-104 , -8.0 , 8
-104 , -28.0 , 3
-104 , -6.66 , 11
-104 , -26.66 , 3
-104 , -5.33 , 11
-104 , -25.33 , 3
-104 , -4.0 , 5
-104 , -24.0 , 3
-104 , -2.67 , 5
-104 , -22.67 , 3
-104 , -1.33 , 5
-104 , -21.33 , 4
-104 , 0.0 , 5
-104 , -20.0 , 4
-104 , 1.33 , 8
-104 , -18.67 , 4
-104 , 2.67 ,0
-104 , -17.33 , 4
-104 , 4.0 ,0
-104 , -16.0 , 4
-104 , 5.33 , 17
-104 , -14.67 , 5
-104 , 6.67 , 17
-104 , -13.33 , 5
-104 , 8.0 , 17
-104 , -12.0 ,0
-104 , 9.33 , 8
-104 , -10.67 , 7
-104 , 10.67 , 13
-103 , -30.67 , 2
-103 , -9.33 , 8
-103 , -29.33 , 3
-103 , -8.0 , 8
-103 , -28.0 , 3
-103 , -6.66 , 5
-103 , -26.66 , 3
-103 , -5.33 , 8
-103 , -25.33 , 3
-103 , -4.0 , 5
-103 , -24.0 , 3
-103 , -2.67 , 5
-103 , -22.67 , 3
-103 , -1.33 , 8
-103 , -21.33 , 4
-103 , 0.0 , 5
-103 , -20.0 , 4
-103 , 1.33 , 8
-103 , -18.67 , 4
-103 , 2.67 , 8
-103 , -17.33 , 4
-103 , 4.0 , 8
-103 , -16.0 , 4
-103 , 5.33 , 8
-103 , -14.67 , 4
-103 , 6.67 , 8
-103 , -13.33 , 5
-103 , 8.0 , 8
-103 , -12.0 , 5
-103 , 9.33 , 8
-103 , -10.67 , 7
-103 , 10.67 , 11
-102 , -30.67 , 3
-102 , -9.33 , 8
-102 , -29.33 , 3
-102 , -8.0 , 8
-102 , -28.0 , 3
-102 , -6.66 , 8
-102 , -26.66 , 3
-102 , -5.33 , 8
-102 , -25.33 , 3
-102 , -4.0 , 8
-102 , -24.0 , 3
-102 , -2.67 , 8
-102 , -22.67 , 3
-102 , -1.33 , 8
-102 , -21.33 , 4
-102 , 0.0 , 8
-102 , -20.0 , 4
-102 , 1.33 , 8
-102 , -18.67 , 4
-102 , 2.67 , 8
-102 , -17.33 , 4
-102 , 4.0 , 8
-102 , -16.0 , 4
-102 , 5.33 , 8
-102 , -14.67 , 4
-102 , 6.67 , 8
-102 , -13.33 , 5
-102 , 8.0 , 8
-102 , -12.0 , 5
-102 , 9.33 , 8
-102 , -10.67 , 7
-102 , 10.67 , 8
-101 , -30.67 , 2
-101 , -9.33 , 8
-101 , -29.33 , 3
-101 , -8.0 , 8
-101 , -28.0 , 3
-101 , -6.66 , 8
-101 , -26.66 , 3
-101 , -5.33 , 8
-101 , -25.33 , 3
-101 , -4.0 , 8
-101 , -24.0 , 3
-101 , -2.67 , 8
-101 , -22.67 , 3
-101 , -1.33 , 8
-101 , -21.33 , 4
-101 , 0.0 , 8
-101 , -20.0 , 4
-101 , 1.33 , 8
-101 , -18.67 , 4
-101 , 2.67 , 8
-101 , -17.33 , 4
-101 , 4.0 , 8
-101 , -16.0 , 4
-101 , 5.33 , 8
-101 , -14.67 , 4
-101 , 6.67 , 8
-101 , -13.33 , 5
-101 , 8.0 , 8
-101 , -12.0 , 5
-101 , 9.33 , 8
-101 , -10.67 , 7
-101 , 10.67 , 11
-100 , -30.67 , 2
-100 , -9.33 , 8
-100 , -29.33 , 3
-100 , -8.0 , 8
-100 , -28.0 , 3
-100 , -6.66 , 8
-100 , -26.66 , 3
-100 , -5.33 , 8
-100 , -25.33 , 3
-100 , -4.0 , 8
-100 , -24.0 , 3
-100 , -2.67 , 8
-100 , -22.67 , 3
-100 , -1.33 , 8
-100 , -21.33 , 4
-100 , 0.0 , 8
-100 , -20.0 , 4
-100 , 1.33 , 8
-100 , -18.67 , 4
-100 , 2.67 , 8
-100 , -17.33 , 4
-100 , 4.0 , 8
-100 , -16.0 , 4
-100 , 5.33 , 8
-100 , -14.67 , 4
-100 , 6.67 , 8
-100 , -13.33 , 4
-100 , 8.0 , 8
-100 , -12.0 , 5
-100 , 9.33 , 8
-100 , -10.67 , 7
-100 , 10.67 , 13
